{
  "credit": "by Wan_win",
  "texture_size": [
    64.0,
    64.0
  ],
  "textures": {
    "2": "./packer_texture_right",
    "particle": "./packer_texture_right"
  },
  "elements": [
    {
      "from": [
        7.0,
        -10.5,
        7.5
      ],
      "to": [
        9.0,
        0.5,
        8.5
      ],
      "faces": {
        "east": {
          "uv": [
            3.25,
            6.25,
            3.5,
            9.0
          ],
          "texture": "#2",
          "rotation": 0.0
        },
        "south": {
          "uv": [
            2.25,
            6.25,
            2.75,
            9.0
          ],
          "texture": "#2",
          "rotation": 0.0
        },
        "north": {
          "uv": [
            1.75,
            6.25,
            2.25,
            9.0
          ],
          "texture": "#2",
          "rotation": 0.0
        },
        "west": {
          "uv": [
            6.25,
            5.75,
            6.5,
            8.5
          ],
          "texture": "#2",
          "rotation": 0.0
        },
        "up": {
          "uv": [
            7.75,
            2.25,
            7.25,
            2.0
          ],
          "texture": "#2",
          "rotation": 0.0
        },
        "down": {
          "uv": [
            7.75,
            2.25,
            7.25,
            2.5
          ],
          "texture": "#2",
          "rotation": 0.0
        }
      },
      "rotation": {
        "angle": 0.0,
        "axis": "y",
        "origin": [
          8.0,
          -9.0,
          8.0
        ]
      }
    },
    {
      "from": [
        6.85,
        -10.5,
        7.35
      ],
      "to": [
        9.15,
        0.5,
        8.65
      ],
      "faces": {
        "east": {
          "uv": [
            2.75,
            6.25,
            3.0625,
            9.0
          ],
          "texture": "#2",
          "rotation": 0.0
        },
        "south": {
          "uv": [
            1.0,
            6.25,
            1.5625,
            9.0
          ],
          "texture": "#2",
          "rotation": 0.0
        },
        "north": {
          "uv": [
            0.25,
            6.25,
            0.8125,
            9.0
          ],
          "texture": "#2",
          "rotation": 0.0
        },
        "west": {
          "uv": [
            6.25,
            3.0,
            6.5625,
            5.75
          ],
          "texture": "#2",
          "rotation": 0.0
        },
        "up": {
          "uv": [
            7.75,
            2.25,
            7.25,
            2.0
          ],
          "texture": "#2",
          "rotation": 0.0
        },
        "down": {
          "uv": [
            7.75,
            2.25,
            7.25,
            2.5
          ],
          "texture": "#2",
          "rotation": 0.0
        }
      },
      "rotation": {
        "angle": 0.0,
        "axis": "y",
        "origin": [
          8.0,
          -9.0,
          8.0
        ]
      }
    },
    {
      "from": [
        6.75,
        -11.5,
        7.25
      ],
      "to": [
        9.25,
        -10.0,
        8.75
      ],
      "faces": {
        "east": {
          "uv": [
            7.25,
            1.0,
            7.625,
            1.375
          ],
          "texture": "#2",
          "rotation": 0.0
        },
        "south": {
          "uv": [
            6.75,
            4.5,
            7.375,
            4.875
          ],
          "texture": "#2",
          "rotation": 0.0
        },
        "north": {
          "uv": [
            6.75,
            4.0,
            7.375,
            4.375
          ],
          "texture": "#2",
          "rotation": 0.0
        },
        "west": {
          "uv": [
            7.25,
            1.5,
            7.625,
            1.875
          ],
          "texture": "#2",
          "rotation": 0.0
        },
        "up": {
          "uv": [
            7.375,
            5.375,
            6.75,
            5.0
          ],
          "texture": "#2",
          "rotation": 0.0
        },
        "down": {
          "uv": [
            4.625,
            7.0,
            4.0,
            7.375
          ],
          "texture": "#2",
          "rotation": 0.0
        }
      },
      "rotation": {
        "angle": -22.5,
        "axis": "z",
        "origin": [
          8.0,
          -10.75,
          8.0
        ]
      }
    },
    {
      "from": [
        7.25,
        0.4,
        7.9
      ],
      "to": [
        8.75,
        25.9,
        8.1
      ],
      "faces": {
        "east": {
          "uv": [
            3.5,
            7.0,
            3.5625,
            13.375
          ],
          "texture": "#2",
          "rotation": 0.0
        },
        "south": {
          "uv": [
            5.5,
            3.0,
            5.875,
            9.375
          ],
          "texture": "#2",
          "rotation": 0.0
        },
        "north": {
          "uv": [
            5.0,
            3.0,
            5.375,
            9.375
          ],
          "texture": "#2",
          "rotation": 0.0
        },
        "west": {
          "uv": [
            3.75,
            7.0,
            3.8125,
            13.375
          ],
          "texture": "#2",
          "rotation": 0.0
        },
        "up": {
          "uv": [
            7.875,
            3.5625,
            7.5,
            3.5
          ],
          "texture": "#2",
          "rotation": 0.0
        },
        "down": {
          "uv": [
            7.875,
            3.75,
            7.5,
            3.8125
          ],
          "texture": "#2",
          "rotation": 0.0
        }
      },
      "rotation": {
        "angle": 0.0,
        "axis": "y",
        "origin": [
          8.0,
          -1.6,
          8.0
        ]
      }
    },
    {
      "from": [
        7.25,
        25.9,
        7.9
      ],
      "to": [
        8.25,
        27.9,
        8.1
      ],
      "faces": {
        "east": {
          "uv": [
            7.5,
            2.5,
            7.5625,
            3.0
          ],
          "texture": "#2",
          "rotation": 0.0
        },
        "south": {
          "uv": [
            7.25,
            2.5,
            7.5,
            3.0
          ],
          "texture": "#2",
          "rotation": 0.0
        },
        "north": {
          "uv": [
            4.75,
            7.0,
            5.0,
            7.5
          ],
          "texture": "#2",
          "rotation": 0.0
        },
        "west": {
          "uv": [
            7.5,
            3.0,
            7.5625,
            3.5
          ],
          "texture": "#2",
          "rotation": 0.0
        },
        "up": {
          "uv": [
            4.25,
            7.5625,
            4.0,
            7.5
          ],
          "texture": "#2",
          "rotation": 0.0
        },
        "down": {
          "uv": [
            7.75,
            4.0,
            7.5,
            4.0625
          ],
          "texture": "#2",
          "rotation": 0.0
        }
      },
      "rotation": {
        "angle": 0.0,
        "axis": "y",
        "origin": [
          8.0,
          -1.6,
          8.0
        ]
      }
    },
    {
      "from": [
        7.25,
        27.9,
        7.9
      ],
      "to": [
        7.75,
        28.9,
        8.1
      ],
      "faces": {
        "east": {
          "uv": [
            4.75,
            0.75,
            4.875,
            1.0
          ],
          "texture": "#2",
          "rotation": 0.0
        },
        "south": {
          "uv": [
            4.75,
            0.75,
            4.875,
            1.0
          ],
          "texture": "#2",
          "rotation": 0.0
        },
        "north": {
          "uv": [
            4.75,
            0.75,
            4.875,
            1.0
          ],
          "texture": "#2",
          "rotation": 0.0
        },
        "west": {
          "uv": [
            4.75,
            0.75,
            4.875,
            1.0
          ],
          "texture": "#2",
          "rotation": 0.0
        },
        "up": {
          "uv": [
            5.375,
            3.5625,
            5.25,
            3.5
          ],
          "texture": "#2",
          "rotation": 0.0
        },
        "down": {
          "uv": [
            4.875,
            0.75,
            4.75,
            1.0
          ],
          "texture": "#2",
          "rotation": 0.0
        }
      },
      "rotation": {
        "angle": 0.0,
        "axis": "y",
        "origin": [
          8.0,
          -1.6,
          8.0
        ]
      }
    },
    {
      "from": [
        6.24079,
        0.2502,
        6.5
      ],
      "to": [
        9.74079,
        1.2502,
        9.5
      ],
      "faces": {
        "east": {
          "uv": [
            7.25,
            0.25,
            8.0,
            0.5
          ],
          "texture": "#2",
          "rotation": 0.0
        },
        "south": {
          "uv": [
            7.25,
            0.0,
            8.125,
            0.25
          ],
          "texture": "#2",
          "rotation": 0.0
        },
        "north": {
          "uv": [
            6.75,
            5.5,
            7.625,
            5.75
          ],
          "texture": "#2",
          "rotation": 0.0
        },
        "west": {
          "uv": [
            7.25,
            0.5,
            8.0,
            0.75
          ],
          "texture": "#2",
          "rotation": 0.0
        },
        "up": {
          "uv": [
            7.375,
            6.5,
            6.5,
            5.75
          ],
          "texture": "#2",
          "rotation": 0.0
        },
        "down": {
          "uv": [
            7.375,
            6.5,
            6.5,
            7.25
          ],
          "texture": "#2",
          "rotation": 0.0
        }
      },
      "rotation": {
        "angle": 0.0,
        "axis": "y",
        "origin": [
          7.99079,
          0.5002,
          8.0
        ]
      }
    },
    {
      "from": [
        4.05,
        5.0,
        5.0
      ],
      "to": [
        12.55,
        5.0,
        11.0
      ],
      "faces": {
        "east": {
          "uv": [
            0.0,
            0.0,
            2.125,
            0.0
          ],
          "texture": "#2",
          "rotation": 0.0
        },
        "south": {
          "uv": [
            0.0,
            0.0,
            2.125,
            0.0
          ],
          "texture": "#2",
          "rotation": 0.0
        },
        "north": {
          "uv": [
            0.0,
            0.0,
            2.125,
            0.0
          ],
          "texture": "#2",
          "rotation": 0.0
        },
        "west": {
          "uv": [
            0.0,
            0.0,
            2.125,
            0.0
          ],
          "texture": "#2",
          "rotation": 0.0
        },
        "up": {
          "uv": [
            7.125,
            1.5,
            5.0,
            0.0
          ],
          "texture": "#2",
          "rotation": 0.0
        },
        "down": {
          "uv": [
            7.125,
            1.5,
            5.0,
            3.0
          ],
          "texture": "#2",
          "rotation": 0.0
        }
      },
      "rotation": {
        "angle": -22.5,
        "axis": "z",
        "origin": [
          4.05,
          5.0,
          7.0
        ]
      }
    }
  ],
  "display": {
    "head": {
      "rotation": [
        0.0,
        180.0,
        -97.0
      ],
      "translation": [
        0.0,
        0.75,
        0.0
      ],
      "scale": [
        1.0,
        1.0,
        1.0
      ]
    },
    "firstperson_righthand": {
      "rotation": [
        -49.7,
        83.06,
        48.13
      ],
      "translation": [
        5.0,
        3.75,
        -1.25
      ],
      "scale": [
        0.55,
        0.55,
        0.55
      ]
    },
    "thirdperson_lefthand": {
      "rotation": [
        -180.0,
        90.0,
        0.0
      ],
      "translation": [
        0.0,
        -4.75,
        -0.75
      ],
      "scale": [
        0.8,
        0.8,
        0.8
      ]
    },
    "firstperson_lefthand": {
      "rotation": [
        -26.61,
        76.28,
        156.53
      ],
      "translation": [
        5.0,
        -3.25,
        2.5
      ],
      "scale": [
        0.8,
        0.8,
        0.8
      ]
    },
    "thirdperson_righthand": {
      "rotation": [
        0.0,
        90.0,
        0.0
      ],
      "translation": [
        0.0,
        5.75,
        -0.5
      ],
      "scale": [
        0.7,
        0.7,
        0.7
      ]
    },
    "ground": {
      "rotation": [
        90.0,
        0.0,
        0.0
      ],
      "translation": [
        0.0,
        -1.5,
        -2.0
      ],
      "scale": [
        1.0,
        1.0,
        1.0
      ]
    },
    "gui": {
      "rotation": [
        0.0,
        0.0,
        -45.0
      ],
      "scale": [
        0.6,
        0.6,
        0.6
      ]
    },
    "fixed": {
      "translation": [
        0.0,
        -4.75,
        -1.0
      ],
      "scale": [
        1.8,
        1.8,
        1.8
      ]
    }
  }
}
